setting,value,comparison_kind,is_reference,reference_value,status,wall_time_s,p_max_Pa,p_max_Pa_relative_difference,burn_time_s,burn_time_s_relative_difference,F_max_N,F_max_N_relative_difference,impulse_total_Ns,impulse_total_Ns_relative_difference,total_mass_consistency_error,total_mass_consistency_error_relative_difference,propellant_mass_balance_error,propellant_mass_balance_error_relative_difference,acceptance_evaluated,acceptance_pass,acceptance_violations,p_max_Pa_tolerance,p_max_Pa_within_tolerance,burn_time_s_tolerance,burn_time_s_within_tolerance,F_max_N_tolerance,F_max_N_within_tolerance,impulse_total_Ns_tolerance,impulse_total_Ns_within_tolerance,total_mass_consistency_error_maximum,total_mass_consistency_error_within_limit,propellant_mass_balance_error_maximum,propellant_mass_balance_error_within_limit,burn_stop_reason,burn_stop_reason_matches_reference,blowdown_stop_reason,blowdown_stop_reason_matches_reference,property_extrapolation,property_extrapolation_matches_reference,regimes_visited,regimes_visited_matches_reference,error_type,error_message
rtol,1e-06,convergence,False,1e-11,PASS,2.5124819289776497,3168087.9333079318,1.2771297302623438e-06,11.236041993643358,3.389592667652754e-08,26.901104520086328,1.3119576471638082e-06,131.5111293915397,3.4553171527866066e-08,3.237953267540257e-05,444.0881357786377,2.6393337293484365e-08,265.58284217419776,True,False,p_max_Pa: relative difference 1.277129730262344e-06 exceeds 1e-06; F_max_N: relative difference 1.311957647163808e-06 exceeds 1e-06,1e-06,False,1e-06,True,1e-06,False,1e-06,True,0.0001,True,1e-07,True,burnout,True,ambient,True,False,True,"[""choked"", ""subsonic""]",True,,
rtol,1e-07,convergence,False,1e-11,PASS,2.505565292958636,3168091.7955512977,5.8022649057212166e-08,11.23604219586421,1.5898410747038054e-08,26.901138209801225,5.960495390213949e-08,131.51112980366815,3.768696312200892e-08,4.213120324183514e-06,56.91343221968277,3.366993839293286e-08,339.0793076226104,True,True,,1e-06,True,1e-06,True,1e-06,True,1e-06,True,0.0001,True,1e-07,True,burnout,True,ambient,True,False,True,"[""choked"", ""subsonic""]",True,,
rtol,1e-08,convergence,False,1e-11,PASS,2.6654857359826565,3168091.979891537,1.6386847534008888e-10,11.23604234307546,2.7967112088442188e-09,26.90113981777086,1.6833628985283545e-10,131.51112596668978,8.510888596604927e-09,9.557859451539873e-06,130.3820643418914,8.207154955641727e-09,81.89541674516242,True,True,,1e-06,True,1e-06,True,1e-06,True,1e-06,True,0.0001,True,1e-07,True,burnout,True,ambient,True,False,True,"[""choked"", ""subsonic""]",True,,
rtol,1e-09,convergence,False,1e-11,PASS,2.6769924969994463,3168091.981830619,7.75934538927521e-10,11.23604237386333,5.66120702841488e-11,26.901139834685175,7.970945366331832e-10,131.51112487850372,2.3640950193591966e-10,4.543188794211817e-07,5.245054402660536,3.047300189962243e-10,2.0778902135981556,True,True,,1e-06,True,1e-06,True,1e-06,True,1e-06,True,0.0001,True,1e-07,True,burnout,True,ambient,True,False,True,"[""choked"", ""subsonic""]",True,,
rtol,1e-10,convergence,False,1e-11,PASS,2.6558968480094336,3168091.98049835,3.5540742254513843e-10,11.23604237447096,2.5334648448811317e-12,26.901139823064007,3.650991599106723e-10,131.5111248533997,4.55205950391789e-11,9.432903467396914e-08,0.2966442293569456,1.472169053329253e-10,0.48694727776731167,True,True,,1e-06,True,1e-06,True,1e-06,True,1e-06,True,0.0001,True,1e-07,True,burnout,True,ambient,True,False,True,"[""choked"", ""subsonic""]",True,,
rtol,1e-11,convergence,True,1e-11,PASS,2.6481502899550833,3168091.979372387,0.0,11.236042374499426,0.0,26.901139813242423,0.0,131.51112484741324,0.0,7.274858634179896e-08,0.0,9.900613662239266e-11,0.0,True,True,,1e-06,True,1e-06,True,1e-06,True,1e-06,True,0.0001,True,1e-07,True,burnout,True,ambient,True,False,True,"[""choked"", ""subsonic""]",True,,
atol_p,1e-01,convergence,False,1e-04,PASS,2.4911551919649355,3168091.7916935873,5.992719865490099e-08,11.236042370746958,2.2695655517817775e-10,26.901138176151058,6.156144098167832e-08,131.51112547238077,3.0051340445906073e-09,5.875103724391556e-05,2776.2812605797817,5.646771938927486e-11,0.9657216907207101,True,True,,1e-06,True,1e-06,True,1e-06,True,1e-06,True,0.0001,True,1e-07,True,burnout,True,ambient,True,False,True,"[""choked"", ""subsonic""]",True,,
atol_p,1e-02,convergence,False,1e-04,PASS,2.5682339320192114,3168091.979238211,7.292255695881563e-10,11.236042376740485,7.603763533344996e-10,26.901139812072017,7.491122183228982e-10,131.5111248439545,1.7733687456308166e-09,1.892889127746705e-06,88.48072662990427,1.9500112635739697e-10,0.8816260158656537,True,True,,1e-06,True,1e-06,True,1e-06,True,1e-06,True,0.0001,True,1e-07,True,burnout,True,ambient,True,False,True,"[""choked"", ""subsonic""]",True,,
atol_p,1e-03,convergence,False,1e-04,PASS,2.668628248036839,3168091.981830619,8.906116189495376e-11,11.23604237386333,5.043115913521835e-10,26.901139834685175,9.148999071797768e-11,131.51112487850372,1.5106591762969733e-09,4.543188794211817e-07,20.476579296899587,3.047300189962243e-10,0.8150159073040156,True,True,,1e-06,True,1e-06,True,1e-06,True,1e-06,True,0.0001,True,1e-07,True,burnout,True,ambient,True,False,True,"[""choked"", ""subsonic""]",True,,
atol_p,1e-04,convergence,True,1e-04,PASS,2.689826466026716,3168091.981548465,0.0,11.236042368196864,0.0,26.90113983222399,0.0,131.5111250771722,0.0,2.1154154632379858e-08,0.0,1.6473309383258083e-09,0.0,True,True,,1e-06,True,1e-06,True,1e-06,True,1e-06,True,0.0001,True,1e-07,True,burnout,True,ambient,True,False,True,"[""choked"", ""subsonic""]",True,,
max_step_burn,0.2,convergence,False,0.005,PASS,2.603203759994358,3168091.98025882,1.2648716028254397e-10,11.236042381063436,1.2249526236609377e-09,26.901139820974656,1.2993559140602932e-10,131.51112495078164,6.08794680492951e-10,1.0294011811988867e-06,1.5119352720600148,8.515261828989651e-10,0.3698218084573198,True,True,,1e-06,True,1e-06,True,1e-06,True,1e-06,True,0.0001,True,1e-07,True,burnout,True,ambient,True,False,True,"[""choked"", ""subsonic""]",True,,
max_step_burn,0.05,convergence,False,0.005,PASS,2.6122832389664836,3168091.9785701367,6.595156884400429e-10,11.23604237047814,2.828685829369815e-10,26.901139806244537,6.775004694227048e-10,131.51112497435233,4.295650369225357e-10,2.988445646107696e-07,0.2707622485580046,9.452369997831056e-10,0.30047043171986276,True,True,,1e-06,True,1e-06,True,1e-06,True,1e-06,True,0.0001,True,1e-07,True,burnout,True,ambient,True,False,True,"[""choked"", ""subsonic""]",True,,
max_step_burn,0.02,convergence,False,0.005,PASS,2.685712793027051,3168091.981830619,3.6964701344393e-10,11.23604237386333,5.841482224832937e-10,26.901139834685175,3.797275318612487e-10,131.51112487850372,1.1583901114130727e-09,4.543188794211817e-07,0.10862474108659134,3.047300189962243e-10,0.774482316414465,True,True,,1e-06,True,1e-06,True,1e-06,True,1e-06,True,0.0001,True,1e-07,True,burnout,True,ambient,True,False,True,"[""choked"", ""subsonic""]",True,,
max_step_burn,0.005,convergence,True,0.005,PASS,3.0357001260272227,3168091.980659543,0.0,11.236042367299817,0.0,26.90113982447007,0.0,131.5111250308449,0.0,4.098040234749697e-07,0.0,1.35124667011155e-09,0.0,True,True,,1e-06,True,1e-06,True,1e-06,True,1e-06,True,0.0001,True,1e-07,True,burnout,True,ambient,True,False,True,"[""choked"", ""subsonic""]",True,,
cea_pressure_points,21,convergence,False,161,PASS,2.5458544259890914,3168092.12921821,4.65110549779679e-08,11.23584065236488,8.504341403091888e-06,26.901141203426718,5.084259858602488e-08,131.5118698976692,2.754151806793966e-06,2.523238070655794e-07,0.13964797071153845,2.7669377899997016e-10,0.5636760766218701,True,False,burn_time_s: relative difference 8.504341403091888e-06 exceeds 1e-06; impulse_total_Ns: relative difference 2.754151806793966e-06 exceeds 1e-06,1e-06,True,1e-06,False,1e-06,True,1e-06,False,0.0001,True,1e-07,True,burnout,True,ambient,True,False,True,"[""choked"", ""subsonic""]",True,,
cea_pressure_points,41,convergence,False,161,PASS,2.6323547099600546,3168091.9884656467,2.0828742121740724e-09,11.236252851237353,2.8181419791493772e-05,26.90113989612518,2.2460875787586335e-09,131.51037673737906,8.599685711265884e-06,9.593020519032786e-08,0.6729054318520709,7.345455355078911e-10,0.15831946461191332,True,False,burn_time_s: relative difference 2.818141979149377e-05 exceeds 1e-06; impulse_total_Ns: relative difference 8.599685711265884e-06 exceeds 1e-06,1e-06,True,1e-06,False,1e-06,True,1e-06,False,0.0001,True,1e-07,True,burnout,True,ambient,True,False,True,"[""choked"", ""subsonic""]",True,,
cea_pressure_points,81,convergence,False,161,PASS,2.6774194419849664,3168091.981830619,1.1455111459123638e-11,11.23604237386333,9.448902077620104e-06,26.901139834685175,3.78307034706557e-11,131.51112487850372,2.9108974236647756e-06,4.543188794211817e-07,0.54909746487966,3.047300189962243e-10,0.5194651721478024,True,False,burn_time_s: relative difference 9.448902077620104e-06 exceeds 1e-06; impulse_total_Ns: relative difference 2.910897423664776e-06 exceeds 1e-06,1e-06,True,1e-06,False,1e-06,True,1e-06,False,0.0001,True,1e-07,True,burnout,True,ambient,True,False,True,"[""choked"", ""subsonic""]",True,,
cea_pressure_points,161,convergence,True,161,PASS,2.6287929780082777,3168091.9818669097,0.0,11.235936206602364,0.0,26.901139835702864,0.0,131.51150769501265,0.0,2.9327972559588106e-07,0.0,6.341476233018284e-10,0.0,True,True,,1e-06,True,1e-06,True,1e-06,True,1e-06,True,0.0001,True,1e-07,True,burnout,True,ambient,True,False,True,"[""choked"", ""subsonic""]",True,,
unchoked_policy,switch,event_sensitivity,True,switch,PASS,2.6952018650481477,3168091.981830619,0.0,11.23604237386333,0.0,26.901139834685175,0.0,131.51112487850372,0.0,4.543188794211817e-07,0.0,3.047300189962243e-10,0.0,True,True,,1e-06,,1e-06,,1e-06,,1e-06,,0.0001,True,1e-07,True,burnout,True,ambient,True,False,True,"[""choked"", ""subsonic""]",True,,
unchoked_policy,stop,event_sensitivity,False,switch,PASS,2.677512263006065,3168091.981830619,0.0,11.23604237386333,0.0,26.901139834685175,0.0,131.5093130009461,1.3777370996577277e-05,2.720373893791741e-07,0.40121927196651097,3.047300189962243e-10,0.0,True,True,,1e-06,,1e-06,,1e-06,,1e-06,,0.0001,True,1e-07,True,burnout,True,choking-loss,False,False,True,"[""choked"", ""subsonic""]",True,,
